name	title	coding1	coding2	coding3	label
t3_1gjl8j7	MAST 217 Waitlist	class info & discussion	class info & discussion	class info & discussion	class info & discussion
t3_1gj8s4d	Got my admission letter - MS Ap. CS (Summer term)	general info	class info & discussion	class info & discussion	class info & discussion
t3_1gkasqg	ECP requirements 	general info	general info	general info	general info
t3_1gk829p	Is it worth it to include part time jobs in my cv for job hunting.	advice	advice	advice	advice
t3_1gjjth3	Anything like blues club from mcgill but in concordia?	student life	student life	student life	student life
t3_1gjpdfu	How does DISC work? 	general info	general info	general info	general info
t3_1gjndqm	Math 203 Results	class info & discussion	class info & discussion	class info & discussion	class info & discussion
t3_1gjxb97	Econ Midterm 2	class info & discussion	class info & discussion	class info & discussion	class info & discussion
t3_1gjs1rt	Math 208 grades section M 	class info & discussion	class info & discussion	class info & discussion	class info & discussion
t3_1gjti35	GEOGRAPHY STUDENTS	advertisement	class info & discussion	student life	advertisement
t3_1gjxfbo	Don't tell me that it's because of budget. I'm sure it's purely political. Any thoughts?	opinion	opinion	opinion	opinion
t3_1gjhmxc	PHYS 204 Success	class info & discussion	class info & discussion	class info & discussion	class info & discussion
t3_1gjqwzs	How long are co-op vacations?	general info	general info	general info	general info
t3_1gjlkdx	Help to find one ECP elective please	advice	class info & discussion	class info & discussion	class info & discussion
t3_1gjs3r8	Cooked or not cooked?	advice	advice	advice	advice
t3_1gjlgrz	I canâ€™t my fucking student care ID 	general info	comedy	general info	general info
t3_1gjfm77	Warhammer	student life	student life	student life	student life
t3_1gk56a4	Anyone willing to share  MARK 201 PDF slides?	class info & discussion	class info & discussion	class info & discussion	class info & discussion
t3_1gk77kv	Friends in accounting?	student life	student life	student life	student life
t3_1gjnl08	Bike theft 	advertisement	advice	advice	advice